{"stat.flyOneCm":107320,"stat.walkOneCm":29946,"stat.jump":217,"stat.swimOneCm":11,"stat.playOneMinute":27594,"achievement.openInventory":13,"stat.useItem.minecraft.stone":16,"stat.leaveGame":1,"stat.useItem.minecraft.log":1,"stat.useItem.minecraft.oak_stairs":7,"stat.crouchOneCm":833,"stat.useItem.minecraft.wool":29,"stat.timeSinceDeath":27594,"stat.useItem.minecraft.stained_hardened_clay":19,"stat.useItem.minecraft.dirt":4,"stat.sprintOneCm":11092,"achievement.exploreAllBiomes":{"value":0,"progress":["Sunflower Plains","Birch Forest","Plains","Swampland"]},"stat.diveOneCm":793,"stat.useItem.minecraft.glowstone":22}